{
  "add_bos_token": true,
  "add_eos_token": false,
  "add_prefix_space": null,
  "added_tokens_decoder": {
    "0": {
      "content": "<unk>",
      "lstrip": false,
      "normalized": false,
      "rstrip": false,
      "single_word": false,
      "special": true
    },
    "1": {
      "content": "<s>",
      "lstrip": false,
      "normalized": false,
      "rstrip": false,
      "single_word": false,
      "special": true
    },
    "2": {
      "content": "</s>",
      "lstrip": false,
      "normalized": false,
      "rstrip": false,
      "single_word": false,
      "special": true
    }
  },
  "additional_special_tokens": [
    "<unk>",
    "<s>",
    "</s>"
  ],
  "bos_token": "<s>",
  "chat_template": "{% for message in messages %}\n{% if message['role'] == 'user' %}\n{{ '<|user|>\n' + message['content'] + eos_token }}\n{% elif message['role'] == 'system' %}\n{{ '<|system|>\n' + message['content'] + eos_token }}\n{% elif message['role'] == 'assistant' %}\n{{ '<|assistant|>\n'  + message['content'] + eos_token }}\n{% endif %}\n{% if loop.last and add_generation_prompt %}\n{{ '<|assistant|>' }}\n{% endif %}\n{% endfor %}",
  "clean_up_tokenization_spaces": false,
  "eos_token": "</s>",
  "extra_special_tokens": {},
  "legacy": true,
  "model_max_length": 1000000000000000019884624838656,
  "pad_token": "</s>",
  "sp_model_kwargs": {},
  "spaces_between_special_tokens": false,
  "tokenizer_class": "LlamaTokenizer",
  "truncation_side": "left",
  "unk_token": "<unk>",
  "use_default_system_prompt": true
}
